category,hs,name_en
白髪染め・ヘアカラー,330590,"Hair colouring / grey hair covering preparation, for hair"
パーマ剤,330520,"Permanent waving preparation, for hair"
シャンプー,330510,"Shampoo, hair washing preparation"
コンディショナー・トリートメント,330590,"Hair conditioner / hair treatment, for hair care"
アウトバスヘアケア,330590,"Leave-in hair oil / hair milk / hair mist, for hair care"
スタイリング剤,330590,"Hair styling wax / gel / cream preparation"
ヘアスプレー,330530,"Hair spray (hair lacquer)"
ヘア小物・機器,961511,"Hair comb / hair brush, plastic"
電気ヘア機器,851632,"Electro-thermic hair styling appliance (hair iron)"
洗顔・クレンジング,340130,"Facial cleansing foam, surfactant-based, for washing"
日焼け止め,330499,"UV care skin lotion / gel (cosmetic), for face and body"
化粧水,330499,"Skin lotion / toner (cosmetic), for face"
乳液,330499,"Skin emulsion / milk (cosmetic), for face"
美容液,330499,"Skin serum / essence (cosmetic), for face"
クリーム・ジェル,330499,"Skin cream / gel (cosmetic), for face and body"
フェイスマスク,330499,"Face mask sheet impregnated with lotion (cosmetic)"
スキンケアその他,330499,"Skin care preparation (cosmetic), for face and body"
ボディケア,330499,"Body cream / body milk (cosmetic), for skin"
リップ,330410,"Lip balm / lipstick (cosmetic), for lips"
アイメイク,330420,"Eye make-up preparation (eyeshadow / eyeliner / mascara)"
ベースメイク,330499,"Foundation / make-up base (cosmetic), for face"
フェイスパウダー・チーク,330491,"Face powder / blusher (cosmetic)"
ネイル,330430,"Manicure / nail polish preparation"
メイクその他,330499,"Make-up preparation (cosmetic), for face"
化粧小物・ブラシ,961620,"Powder puff / sponge / beauty tool, for applying cosmetics"
化粧ブラシ,960330,"Make-up brush, for applying cosmetics"
コットン・綿棒,560121,"Cotton pad / cotton swab, for cosmetic use"
石けん・洗浄料,340130,"Liquid soap / body wash, surfactant-based, for washing"
入浴剤,330730,"Bath preparation (bath salt / bath additive)"
制汗・デオドラント,330720,"Body deodorant / antiperspirant, cosmetic"
シェービング,330710,"Shaving cream / shaving gel preparation"
脱毛・除毛,330790,"Depilatory preparation, cosmetic"
脱色・除毛,330790,"Hair bleaching / depilatory preparation, cosmetic"
オーラルケア,330690,"Oral hygiene preparation (mouthwash / dental floss)"
歯ブラシ,960321,"Toothbrush, plastic, for oral care"
生理用品,961900,"Sanitary napkin / panty liner, disposable hygiene article"
紙おむつ,961900,"Disposable baby diaper"
紙製品,481820,"Tissue paper / paper towel, for household use"
マスク,630790,"Disposable face mask, non-woven textile"
ベビー用品,392490,"Baby feeding article, plastic"
洗濯用品,340250,"Laundry detergent / fabric softener, retail pack"
掃除用品,340250,"Household cleaning preparation, retail pack"
洗剤（台所）,340250,"Dishwashing detergent, retail pack"
消臭・芳香剤,330749,"Room deodorizer / air freshener preparation"
殺虫・防虫,380891,"Insecticide / insect repellent preparation, household use"
人体用虫よけ,380891,"Skin-applied insect repellent preparation"
キッチン・食器,392410,"Plastic tableware and kitchenware, household use"
魔法瓶・真空容器,961700,"Vacuum insulated bottle, stainless steel, for drinks"
バッグ・ポーチ,420292,"Pouch / bag with plastic or textile outer surface"
タオル・布製品,630260,"Towel, cotton or microfiber, for bath or kitchen use"
サプリメント,210690,"Dietary supplement (tablets / capsules), food"
食品,210690,"Food preparation, for human consumption"
菓子,170490,"Sugar confectionery / biscuits, food"
飲料,090210,"Tea / beverage ingredient, retail pack"
ハッカ油,330125,"Mint essential oil"
目薬,300490,"Eye drops, medicament in retail pack"
救急用品,300510,"Adhesive dressing / bandage, for wound care"
サポーター,630790,"Textile support belt / protective wear"
冷却用品,630790,"Cooling gel sheet / pad, for body"
玩具,950300,"Toy (die-cast model / figure / plush), for play"
文具,392610,"Plastic office / stationery article"
画材,321310,"Artist's watercolor paint set"
鏡,700992,"Glass mirror, framed"
時計,910219,"Wrist watch, quartz"
傘,660191,"Folding umbrella, textile canopy with metal frame"
履物・靴下,611595,"Socks / stockings, cotton knitted"
靴ケア用品,340540,"Shoe polish / footwear care preparation"
カーケア用品,340530,"Car polish / glass coating preparation"
刃物,821210,"Razor / nail clipper, stainless steel"
美容雑貨,961620,"Beauty accessory tool"
ヘア・椿油,151590,"Camellia vegetable oil"
日用雑貨,392690,"Plastic household article"
雑貨,392690,"Plastic household article"
育毛剤,330510,"Shampoo, hair washing preparation"
固形石けん,340111,"Toilet soap bar, solid, for washing"
ゴム製乳首・おしゃぶり,401490,"Baby bottle nipple / pacifier, vulcanised rubber or silicone"
ボールペン,960810,"Ball point pen"
